"demScen,CLT_cap_mult,Region,Year,Harvest_Mm3_per_year"
"Baseline",",",1.000000,",","TroutLake",",","2020",",",7.26051788
"Baseline",",",1.000000,",","TroutLake",",","2021",",",7.50702967
"Baseline",",",1.000000,",","TroutLake",",","2022",",",7.45482093
"Baseline",",",1.000000,",","TroutLake",",","2023",",",7.16802115
"Baseline",",",1.000000,",","TroutLake",",","2024",",",7.24186744
"Baseline",",",1.000000,",","TroutLake",",","2025",",",7.70780630
"Baseline",",",1.000000,",","TroutLake",",","2026",",",7.06653175
"Baseline",",",1.000000,",","TroutLake",",","2027",",",7.69998588
"Baseline",",",1.000000,",","TroutLake",",","2028",",",6.84215065
"Baseline",",",1.000000,",","TroutLake",",","2029",",",7.35590986
"Baseline",",",1.000000,",","TroutLake",",","2030",",",7.27017036
"Baseline",",",1.000000,",","Abitibi",",","2020",",",12.32582438
"Baseline",",",1.000000,",","Abitibi",",","2021",",",12.84466612
"Baseline",",",1.000000,",","Abitibi",",","2022",",",11.89171162
"Baseline",",",1.000000,",","Abitibi",",","2023",",",11.79699734
"Baseline",",",1.000000,",","Abitibi",",","2024",",",11.20545105
"Baseline",",",1.000000,",","Abitibi",",","2025",",",11.97388423
"Baseline",",",1.000000,",","Abitibi",",","2026",",",12.31991150
"Baseline",",",1.000000,",","Abitibi",",","2027",",",11.96001204
"Baseline",",",1.000000,",","Abitibi",",","2028",",",12.15133948
"Baseline",",",1.000000,",","Abitibi",",","2029",",",11.23561512
"Baseline",",",1.000000,",","Abitibi",",","2030",",",12.23363754
"Baseline",",",1.000000,",","Algoma",",","2020",",",10.06809062
"Baseline",",",1.000000,",","Algoma",",","2021",",",11.67126717
"Baseline",",",1.000000,",","Algoma",",","2022",",",9.95142318
"Baseline",",",1.000000,",","Algoma",",","2023",",",10.24103765
"Baseline",",",1.000000,",","Algoma",",","2024",",",9.64587417
"Baseline",",",1.000000,",","Algoma",",","2025",",",10.33212741
"Baseline",",",1.000000,",","Algoma",",","2026",",",9.62147621
"Baseline",",",1.000000,",","Algoma",",","2027",",",9.91323407
"Baseline",",",1.000000,",","Algoma",",","2028",",",10.83623339
"Baseline",",",1.000000,",","Algoma",",","2029",",",10.98237104
"Baseline",",",1.000000,",","Algoma",",","2030",",",10.00428428
"Baseline",",",1.000000,",","Kenora",",","2020",",",5.02593937
"Baseline",",",1.000000,",","Kenora",",","2021",",",5.29945709
"Baseline",",",1.000000,",","Kenora",",","2022",",",5.77877219
"Baseline",",",1.000000,",","Kenora",",","2023",",",5.35853189
"Baseline",",",1.000000,",","Kenora",",","2024",",",5.32309750
"Baseline",",",1.000000,",","Kenora",",","2025",",",5.46955519
"Baseline",",",1.000000,",","Kenora",",","2026",",",5.03300264
"Baseline",",",1.000000,",","Kenora",",","2027",",",5.50093740
"Baseline",",",1.000000,",","Kenora",",","2028",",",5.39317782
"Baseline",",",1.000000,",","Kenora",",","2029",",",5.58262718
"Baseline",",",1.000000,",","Kenora",",","2030",",",5.43717190
"Baseline",",",1.000000,",","Nipissing",",","2020",",",15.54862344
"Baseline",",",1.000000,",","Nipissing",",","2021",",",14.39224818
"Baseline",",",1.000000,",","Nipissing",",","2022",",",13.48588833
"Baseline",",",1.000000,",","Nipissing",",","2023",",",15.46426257
"Baseline",",",1.000000,",","Nipissing",",","2024",",",13.90790714
"Baseline",",",1.000000,",","Nipissing",",","2025",",",16.18636992
"Baseline",",",1.000000,",","Nipissing",",","2026",",",13.95583193
"Baseline",",",1.000000,",","Nipissing",",","2027",",",13.96644391
"Baseline",",",1.000000,",","Nipissing",",","2028",",",14.31996633
"Baseline",",",1.000000,",","Nipissing",",","2029",",",14.60149047
"Baseline",",",1.000000,",","Nipissing",",","2030",",",14.83720022
"Baseline",",",1.000000,",","Algonquin",",","2020",",",9.11270668
"Baseline",",",1.000000,",","Algonquin",",","2021",",",9.00219750
"Baseline",",",1.000000,",","Algonquin",",","2022",",",8.65539141
"Baseline",",",1.000000,",","Algonquin",",","2023",",",8.89798057
"Baseline",",",1.000000,",","Algonquin",",","2024",",",8.77986292
"Baseline",",",1.000000,",","Algonquin",",","2025",",",8.84946540
"Baseline",",",1.000000,",","Algonquin",",","2026",",",8.83359408
"Baseline",",",1.000000,",","Algonquin",",","2027",",",9.14084131
"Baseline",",",1.000000,",","Algonquin",",","2028",",",9.43616589
"Baseline",",",1.000000,",","Algonquin",",","2029",",",9.10592101
"Baseline",",",1.000000,",","Algonquin",",","2030",",",8.11759834
"D50",",",1.500000,",","TroutLake",",","2020",",",7.47071772
"D50",",",1.500000,",","TroutLake",",","2021",",",7.73375461
"D50",",",1.500000,",","TroutLake",",","2022",",",7.65829333
"D50",",",1.500000,",","TroutLake",",","2023",",",7.37397065
"D50",",",1.500000,",","TroutLake",",","2024",",",7.43975985
"D50",",",1.500000,",","TroutLake",",","2025",",",7.91238687
"D50",",",1.500000,",","TroutLake",",","2026",",",7.27369995
"D50",",",1.500000,",","TroutLake",",","2027",",",7.92030333
"D50",",",1.500000,",","TroutLake",",","2028",",",7.04798314
"D50",",",1.500000,",","TroutLake",",","2029",",",7.57661781
"D50",",",1.500000,",","TroutLake",",","2030",",",7.47738837
"D50",",",1.500000,",","Abitibi",",","2020",",",12.53804795
"D50",",",1.500000,",","Abitibi",",","2021",",",13.04756525
"D50",",",1.500000,",","Abitibi",",","2022",",",12.09815844
"D50",",",1.500000,",","Abitibi",",","2023",",",12.00114463
"D50",",",1.500000,",","Abitibi",",","2024",",",11.41878347
"D50",",",1.500000,",","Abitibi",",","2025",",",12.20358759
"D50",",",1.500000,",","Abitibi",",","2026",",",12.51732988
"D50",",",1.500000,",","Abitibi",",","2027",",",12.17878520
"D50",",",1.500000,",","Abitibi",",","2028",",",12.36810356
"D50",",",1.500000,",","Abitibi",",","2029",",",11.45255909
"D50",",",1.500000,",","Abitibi",",","2030",",",12.44270208
"D50",",",1.500000,",","Algoma",",","2020",",",10.26650305
"D50",",",1.500000,",","Algoma",",","2021",",",11.89473797
"D50",",",1.500000,",","Algoma",",","2022",",",10.16649477
"D50",",",1.500000,",","Algoma",",","2023",",",10.45470497
"D50",",",1.500000,",","Algoma",",","2024",",",9.85044407
"D50",",",1.500000,",","Algoma",",","2025",",",10.55437488
"D50",",",1.500000,",","Algoma",",","2026",",",9.85547482
"D50",",",1.500000,",","Algoma",",","2027",",",10.13332401
"D50",",",1.500000,",","Algoma",",","2028",",",11.06723883
"D50",",",1.500000,",","Algoma",",","2029",",",11.17452289
"D50",",",1.500000,",","Algoma",",","2030",",",10.21409893
"D50",",",1.500000,",","Kenora",",","2020",",",5.25252633
"D50",",",1.500000,",","Kenora",",","2021",",",5.52025475
"D50",",",1.500000,",","Kenora",",","2022",",",5.99944812
"D50",",",1.500000,",","Kenora",",","2023",",",5.57521490
"D50",",",1.500000,",","Kenora",",","2024",",",5.52306332
"D50",",",1.500000,",","Kenora",",","2025",",",5.70926640
"D50",",",1.500000,",","Kenora",",","2026",",",5.26215608
"D50",",",1.500000,",","Kenora",",","2027",",",5.70157297
"D50",",",1.500000,",","Kenora",",","2028",",",5.62028249
"D50",",",1.500000,",","Kenora",",","2029",",",5.81119561
"D50",",",1.500000,",","Kenora",",","2030",",",5.64611699
"D50",",",1.500000,",","Nipissing",",","2020",",",15.74783515
"D50",",",1.500000,",","Nipissing",",","2021",",",14.61714111
"D50",",",1.500000,",","Nipissing",",","2022",",",13.69890677
"D50",",",1.500000,",","Nipissing",",","2023",",",15.69587246
"D50",",",1.500000,",","Nipissing",",","2024",",",14.10966381
"D50",",",1.500000,",","Nipissing",",","2025",",",16.39506289
"D50",",",1.500000,",","Nipissing",",","2026",",",14.17007488
"D50",",",1.500000,",","Nipissing",",","2027",",",14.19262805
"D50",",",1.500000,",","Nipissing",",","2028",",",14.54250772
"D50",",",1.500000,",","Nipissing",",","2029",",",14.82004717
"D50",",",1.500000,",","Nipissing",",","2030",",",15.03173203
"D50",",",1.500000,",","Algonquin",",","2020",",",9.32930979
"D50",",",1.500000,",","Algonquin",",","2021",",",9.23558701
"D50",",",1.500000,",","Algonquin",",","2022",",",8.87814837
"D50",",",1.500000,",","Algonquin",",","2023",",",9.10235135
"D50",",",1.500000,",","Algonquin",",","2024",",",9.00482457
"D50",",",1.500000,",","Algonquin",",","2025",",",9.06321179
"D50",",",1.500000,",","Algonquin",",","2026",",",9.05132420
"D50",",",1.500000,",","Algonquin",",","2027",",",9.34688063
"D50",",",1.500000,",","Algonquin",",","2028",",",9.66063557
"D50",",",1.500000,",","Algonquin",",","2029",",",9.33998997
"D50",",",1.500000,",","Algonquin",",","2030",",",8.33719737
"D100",",",2.000000,",","TroutLake",",","2020",",",7.68091756
"D100",",",2.000000,",","TroutLake",",","2021",",",7.96047955
"D100",",",2.000000,",","TroutLake",",","2022",",",7.86176572
"D100",",",2.000000,",","TroutLake",",","2023",",",7.57992015
"D100",",",2.000000,",","TroutLake",",","2024",",",7.63765225
"D100",",",2.000000,",","TroutLake",",","2025",",",8.11696744
"D100",",",2.000000,",","TroutLake",",","2026",",",7.48086814
"D100",",",2.000000,",","TroutLake",",","2027",",",8.14062078
"D100",",",2.000000,",","TroutLake",",","2028",",",7.25381564
"D100",",",2.000000,",","TroutLake",",","2029",",",7.79732575
"D100",",",2.000000,",","TroutLake",",","2030",",",7.68460638
"D100",",",2.000000,",","Abitibi",",","2020",",",12.75027152
"D100",",",2.000000,",","Abitibi",",","2021",",",13.25046438
"D100",",",2.000000,",","Abitibi",",","2022",",",12.30460526
"D100",",",2.000000,",","Abitibi",",","2023",",",12.20529191
"D100",",",2.000000,",","Abitibi",",","2024",",",11.63211589
"D100",",",2.000000,",","Abitibi",",","2025",",",12.43329095
"D100",",",2.000000,",","Abitibi",",","2026",",",12.71474826
"D100",",",2.000000,",","Abitibi",",","2027",",",12.39755836
"D100",",",2.000000,",","Abitibi",",","2028",",",12.58486763
"D100",",",2.000000,",","Abitibi",",","2029",",",11.66950306
"D100",",",2.000000,",","Abitibi",",","2030",",",12.65176663
"D100",",",2.000000,",","Algoma",",","2020",",",10.46491548
"D100",",",2.000000,",","Algoma",",","2021",",",12.11820876
"D100",",",2.000000,",","Algoma",",","2022",",",10.38156636
"D100",",",2.000000,",","Algoma",",","2023",",",10.66837230
"D100",",",2.000000,",","Algoma",",","2024",",",10.05501397
"D100",",",2.000000,",","Algoma",",","2025",",",10.77662236
"D100",",",2.000000,",","Algoma",",","2026",",",10.08947343
"D100",",",2.000000,",","Algoma",",","2027",",",10.35341395
"D100",",",2.000000,",","Algoma",",","2028",",",11.29824428
"D100",",",2.000000,",","Algoma",",","2029",",",11.36667474
"D100",",",2.000000,",","Algoma",",","2030",",",10.42391359
"D100",",",2.000000,",","Kenora",",","2020",",",5.47911329
"D100",",",2.000000,",","Kenora",",","2021",",",5.74105241
"D100",",",2.000000,",","Kenora",",","2022",",",6.22012406
"D100",",",2.000000,",","Kenora",",","2023",",",5.79189792
"D100",",",2.000000,",","Kenora",",","2024",",",5.72302914
"D100",",",2.000000,",","Kenora",",","2025",",",5.94897762
"D100",",",2.000000,",","Kenora",",","2026",",",5.49130952
"D100",",",2.000000,",","Kenora",",","2027",",",5.90220854
"D100",",",2.000000,",","Kenora",",","2028",",",5.84738717
"D100",",",2.000000,",","Kenora",",","2029",",",6.03976403
"D100",",",2.000000,",","Kenora",",","2030",",",5.85506208
"D100",",",2.000000,",","Nipissing",",","2020",",",15.94704686
"D100",",",2.000000,",","Nipissing",",","2021",",",14.84203403
"D100",",",2.000000,",","Nipissing",",","2022",",",13.91192520
"D100",",",2.000000,",","Nipissing",",","2023",",",15.92748234
"D100",",",2.000000,",","Nipissing",",","2024",",",14.31142047
"D100",",",2.000000,",","Nipissing",",","2025",",",16.60375585
"D100",",",2.000000,",","Nipissing",",","2026",",",14.38431782
"D100",",",2.000000,",","Nipissing",",","2027",",",14.41881219
"D100",",",2.000000,",","Nipissing",",","2028",",",14.76504911
"D100",",",2.000000,",","Nipissing",",","2029",",",15.03860388
"D100",",",2.000000,",","Nipissing",",","2030",",",15.22626383
"D100",",",2.000000,",","Algonquin",",","2020",",",9.54591290
"D100",",",2.000000,",","Algonquin",",","2021",",",9.46897652
"D100",",",2.000000,",","Algonquin",",","2022",",",9.10090532
"D100",",",2.000000,",","Algonquin",",","2023",",",9.30672212
"D100",",",2.000000,",","Algonquin",",","2024",",",9.22978623
"D100",",",2.000000,",","Algonquin",",","2025",",",9.27695817
"D100",",",2.000000,",","Algonquin",",","2026",",",9.26905432
"D100",",",2.000000,",","Algonquin",",","2027",",",9.55291995
"D100",",",2.000000,",","Algonquin",",","2028",",",9.88510525
"D100",",",2.000000,",","Algonquin",",","2029",",",9.57405892
"D100",",",2.000000,",","Algonquin",",","2030",",",8.55679639
"D200",",",3.000000,",","TroutLake",",","2020",",",8.10131723
"D200",",",3.000000,",","TroutLake",",","2021",",",8.41392943
"D200",",",3.000000,",","TroutLake",",","2022",",",8.26871051
"D200",",",3.000000,",","TroutLake",",","2023",",",7.99181916
"D200",",",3.000000,",","TroutLake",",","2024",",",8.03343706
"D200",",",3.000000,",","TroutLake",",","2025",",",8.52612859
"D200",",",3.000000,",","TroutLake",",","2026",",",7.89520453
"D200",",",3.000000,",","TroutLake",",","2027",",",8.58125568
"D200",",",3.000000,",","TroutLake",",","2028",",",7.66548062
"D200",",",3.000000,",","TroutLake",",","2029",",",8.23874165
"D200",",",3.000000,",","TroutLake",",","2030",",",8.09904241
"D200",",",3.000000,",","Abitibi",",","2020",",",13.17471866
"D200",",",3.000000,",","Abitibi",",","2021",",",13.65626265
"D200",",",3.000000,",","Abitibi",",","2022",",",12.71749890
"D200",",",3.000000,",","Abitibi",",","2023",",",12.61358649
"D200",",",3.000000,",","Abitibi",",","2024",",",12.05878074
"D200",",",3.000000,",","Abitibi",",","2025",",",12.89269767
"D200",",",3.000000,",","Abitibi",",","2026",",",13.10958502
"D200",",",3.000000,",","Abitibi",",","2027",",",12.83510467
"D200",",",3.000000,",","Abitibi",",","2028",",",13.01839579
"D200",",",3.000000,",","Abitibi",",","2029",",",12.10339101
"D200",",",3.000000,",","Abitibi",",","2030",",",13.06989572
"D200",",",3.000000,",","Algoma",",","2020",",",10.86174034
"D200",",",3.000000,",","Algoma",",","2021",",",12.56515035
"D200",",",3.000000,",","Algoma",",","2022",",",10.81170955
"D200",",",3.000000,",","Algoma",",","2023",",",11.09570695
"D200",",",3.000000,",","Algoma",",","2024",",",10.46415377
"D200",",",3.000000,",","Algoma",",","2025",",",11.22111731
"D200",",",3.000000,",","Algoma",",","2026",",",10.55747065
"D200",",",3.000000,",","Algoma",",","2027",",",10.79359382
"D200",",",3.000000,",","Algoma",",","2028",",",11.76025517
"D200",",",3.000000,",","Algoma",",","2029",",",11.75097843
"D200",",",3.000000,",","Algoma",",","2030",",",10.84354290
"D200",",",3.000000,",","Kenora",",","2020",",",5.93228720
"D200",",",3.000000,",","Kenora",",","2021",",",6.18264772
"D200",",",3.000000,",","Kenora",",","2022",",",6.66147594
"D200",",",3.000000,",","Kenora",",","2023",",",6.22526396
"D200",",",3.000000,",","Kenora",",","2024",",",6.12296078
"D200",",",3.000000,",","Kenora",",","2025",",",6.42840005
"D200",",",3.000000,",","Kenora",",","2026",",",5.94961641
"D200",",",3.000000,",","Kenora",",","2027",",",6.30347968
"D200",",",3.000000,",","Kenora",",","2028",",",6.30159653
"D200",",",3.000000,",","Kenora",",","2029",",",6.49690087
"D200",",",3.000000,",","Kenora",",","2030",",",6.27295225
"D200",",",3.000000,",","Nipissing",",","2020",",",16.34547028
"D200",",",3.000000,",","Nipissing",",","2021",",",15.29181988
"D200",",",3.000000,",","Nipissing",",","2022",",",14.33796208
"D200",",",3.000000,",","Nipissing",",","2023",",",16.39070211
"D200",",",3.000000,",","Nipissing",",","2024",",",14.71493379
"D200",",",3.000000,",","Nipissing",",","2025",",",17.02114178
"D200",",",3.000000,",","Nipissing",",","2026",",",14.81280371
"D200",",",3.000000,",","Nipissing",",","2027",",",14.87118047
"D200",",",3.000000,",","Nipissing",",","2028",",",15.21013188
"D200",",",3.000000,",","Nipissing",",","2029",",",15.47571729
"D200",",",3.000000,",","Nipissing",",","2030",",",15.61532744
"D200",",",3.000000,",","Algonquin",",","2020",",",9.97911911
"D200",",",3.000000,",","Algonquin",",","2021",",",9.93575554
"D200",",",3.000000,",","Algonquin",",","2022",",",9.54641924
"D200",",",3.000000,",","Algonquin",",","2023",",",9.71546368
"D200",",",3.000000,",","Algonquin",",","2024",",",9.67970955
"D200",",",3.000000,",","Algonquin",",","2025",",",9.70445093
"D200",",",3.000000,",","Algonquin",",","2026",",",9.70451456
"D200",",",3.000000,",","Algonquin",",","2027",",",9.96499858
"D200",",",3.000000,",","Algonquin",",","2028",",",10.33404460
"D200",",",3.000000,",","Algonquin",",","2029",",",10.04219682
"D200",",",3.000000,",","Algonquin",",","2030",",",8.99599445
"D300",",",4.000000,",","TroutLake",",","2020",",",8.52171691
"D300",",",4.000000,",","TroutLake",",","2021",",",8.86737930
"D300",",",4.000000,",","TroutLake",",","2022",",",8.67565530
"D300",",",4.000000,",","TroutLake",",","2023",",",8.40371816
"D300",",",4.000000,",","TroutLake",",","2024",",",8.42922187
"D300",",",4.000000,",","TroutLake",",","2025",",",8.93528974
"D300",",",4.000000,",","TroutLake",",","2026",",",8.30954092
"D300",",",4.000000,",","TroutLake",",","2027",",",9.02189057
"D300",",",4.000000,",","TroutLake",",","2028",",",8.07714560
"D300",",",4.000000,",","TroutLake",",","2029",",",8.68015755
"D300",",",4.000000,",","TroutLake",",","2030",",",8.51347843
"D300",",",4.000000,",","Abitibi",",","2020",",",13.59916581
"D300",",",4.000000,",","Abitibi",",","2021",",",14.06206092
"D300",",",4.000000,",","Abitibi",",","2022",",",13.13039254
"D300",",",4.000000,",","Abitibi",",","2023",",",13.02188106
"D300",",",4.000000,",","Abitibi",",","2024",",",12.48544559
"D300",",",4.000000,",","Abitibi",",","2025",",",13.35210439
"D300",",",4.000000,",","Abitibi",",","2026",",",13.50442178
"D300",",",4.000000,",","Abitibi",",","2027",",",13.27265099
"D300",",",4.000000,",","Abitibi",",","2028",",",13.45192394
"D300",",",4.000000,",","Abitibi",",","2029",",",12.53727896
"D300",",",4.000000,",","Abitibi",",","2030",",",13.48802481
"D300",",",4.000000,",","Algoma",",","2020",",",11.25856519
"D300",",",4.000000,",","Algoma",",","2021",",",13.01209193
"D300",",",4.000000,",","Algoma",",","2022",",",11.24185273
"D300",",",4.000000,",","Algoma",",","2023",",",11.52304160
"D300",",",4.000000,",","Algoma",",","2024",",",10.87329357
"D300",",",4.000000,",","Algoma",",","2025",",",11.66561226
"D300",",",4.000000,",","Algoma",",","2026",",",11.02546787
"D300",",",4.000000,",","Algoma",",","2027",",",11.23377370
"D300",",",4.000000,",","Algoma",",","2028",",",12.22226606
"D300",",",4.000000,",","Algoma",",","2029",",",12.13528213
"D300",",",4.000000,",","Algoma",",","2030",",",11.26317222
"D300",",",4.000000,",","Kenora",",","2020",",",6.38546112
"D300",",",4.000000,",","Kenora",",","2021",",",6.62424304
"D300",",",4.000000,",","Kenora",",","2022",",",7.10282781
"D300",",",4.000000,",","Kenora",",","2023",",",6.65863000
"D300",",",4.000000,",","Kenora",",","2024",",",6.52289243
"D300",",",4.000000,",","Kenora",",","2025",",",6.90782248
"D300",",",4.000000,",","Kenora",",","2026",",",6.40792329
"D300",",",4.000000,",","Kenora",",","2027",",",6.70475081
"D300",",",4.000000,",","Kenora",",","2028",",",6.75580588
"D300",",",4.000000,",","Kenora",",","2029",",",6.95403772
"D300",",",4.000000,",","Kenora",",","2030",",",6.69084243
"D300",",",4.000000,",","Nipissing",",","2020",",",16.74389370
"D300",",",4.000000,",","Nipissing",",","2021",",",15.74160573
"D300",",",4.000000,",","Nipissing",",","2022",",",14.76399895
"D300",",",4.000000,",","Nipissing",",","2023",",",16.85392188
"D300",",",4.000000,",","Nipissing",",","2024",",",15.11844711
"D300",",",4.000000,",","Nipissing",",","2025",",",17.43852771
"D300",",",4.000000,",","Nipissing",",","2026",",",15.24128960
"D300",",",4.000000,",","Nipissing",",","2027",",",15.32354875
"D300",",",4.000000,",","Nipissing",",","2028",",",15.65521466
"D300",",",4.000000,",","Nipissing",",","2029",",",15.91283070
"D300",",",4.000000,",","Nipissing",",","2030",",",16.00439105
"D300",",",4.000000,",","Algonquin",",","2020",",",10.41232533
"D300",",",4.000000,",","Algonquin",",","2021",",",10.40253456
"D300",",",4.000000,",","Algonquin",",","2022",",",9.99193316
"D300",",",4.000000,",","Algonquin",",","2023",",",10.12420524
"D300",",",4.000000,",","Algonquin",",","2024",",",10.12963286
"D300",",",4.000000,",","Algonquin",",","2025",",",10.13194370
"D300",",",4.000000,",","Algonquin",",","2026",",",10.13997480
"D300",",",4.000000,",","Algonquin",",","2027",",",10.37707722
"D300",",",4.000000,",","Algonquin",",","2028",",",10.78298396
"D300",",",4.000000,",","Algonquin",",","2029",",",10.51033473
"D300",",",4.000000,",","Algonquin",",","2030",",",9.43519250
"D400",",",5.000000,",","TroutLake",",","2020",",",8.94211659
"D400",",",5.000000,",","TroutLake",",","2021",",",9.32082918
"D400",",",5.000000,",","TroutLake",",","2022",",",9.08260010
"D400",",",5.000000,",","TroutLake",",","2023",",",8.81561716
"D400",",",5.000000,",","TroutLake",",","2024",",",8.82500669
"D400",",",5.000000,",","TroutLake",",","2025",",",9.34445089
"D400",",",5.000000,",","TroutLake",",","2026",",",8.72387731
"D400",",",5.000000,",","TroutLake",",","2027",",",9.46252547
"D400",",",5.000000,",","TroutLake",",","2028",",",8.48881059
"D400",",",5.000000,",","TroutLake",",","2029",",",9.12157345
"D400",",",5.000000,",","TroutLake",",","2030",",",8.92791445
"D400",",",5.000000,",","Abitibi",",","2020",",",14.02361295
"D400",",",5.000000,",","Abitibi",",","2021",",",14.46785919
"D400",",",5.000000,",","Abitibi",",","2022",",",13.54328617
"D400",",",5.000000,",","Abitibi",",","2023",",",13.43017563
"D400",",",5.000000,",","Abitibi",",","2024",",",12.91211043
"D400",",",5.000000,",","Abitibi",",","2025",",",13.81151111
"D400",",",5.000000,",","Abitibi",",","2026",",",13.89925853
"D400",",",5.000000,",","Abitibi",",","2027",",",13.71019731
"D400",",",5.000000,",","Abitibi",",","2028",",",13.88545209
"D400",",",5.000000,",","Abitibi",",","2029",",",12.97116691
"D400",",",5.000000,",","Abitibi",",","2030",",",13.90615390
"D400",",",5.000000,",","Algoma",",","2020",",",11.65539005
"D400",",",5.000000,",","Algoma",",","2021",",",13.45903352
"D400",",",5.000000,",","Algoma",",","2022",",",11.67199591
"D400",",",5.000000,",","Algoma",",","2023",",",11.95037625
"D400",",",5.000000,",","Algoma",",","2024",",",11.28243337
"D400",",",5.000000,",","Algoma",",","2025",",",12.11010722
"D400",",",5.000000,",","Algoma",",","2026",",",11.49346509
"D400",",",5.000000,",","Algoma",",","2027",",",11.67395358
"D400",",",5.000000,",","Algoma",",","2028",",",12.68427695
"D400",",",5.000000,",","Algoma",",","2029",",",12.51958583
"D400",",",5.000000,",","Algoma",",","2030",",",11.68280153
"D400",",",5.000000,",","Kenora",",","2020",",",6.83863503
"D400",",",5.000000,",","Kenora",",","2021",",",7.06583836
"D400",",",5.000000,",","Kenora",",","2022",",",7.54417969
"D400",",",5.000000,",","Kenora",",","2023",",",7.09199603
"D400",",",5.000000,",","Kenora",",","2024",",",6.92282407
"D400",",",5.000000,",","Kenora",",","2025",",",7.38724492
"D400",",",5.000000,",","Kenora",",","2026",",",6.86623017
"D400",",",5.000000,",","Kenora",",","2027",",",7.10602195
"D400",",",5.000000,",","Kenora",",","2028",",",7.21001524
"D400",",",5.000000,",","Kenora",",","2029",",",7.41117456
"D400",",",5.000000,",","Kenora",",","2030",",",7.10873261
"D400",",",5.000000,",","Nipissing",",","2020",",",17.14231712
"D400",",",5.000000,",","Nipissing",",","2021",",",16.19139158
"D400",",",5.000000,",","Nipissing",",","2022",",",15.19003583
"D400",",",5.000000,",","Nipissing",",","2023",",",17.31714165
"D400",",",5.000000,",","Nipissing",",","2024",",",15.52196044
"D400",",",5.000000,",","Nipissing",",","2025",",",17.85591364
"D400",",",5.000000,",","Nipissing",",","2026",",",15.66977549
"D400",",",5.000000,",","Nipissing",",","2027",",",15.77591703
"D400",",",5.000000,",","Nipissing",",","2028",",",16.10029743
"D400",",",5.000000,",","Nipissing",",","2029",",",16.34994411
"D400",",",5.000000,",","Nipissing",",","2030",",",16.39345466
"D400",",",5.000000,",","Algonquin",",","2020",",",10.84553155
"D400",",",5.000000,",","Algonquin",",","2021",",",10.86931358
"D400",",",5.000000,",","Algonquin",",","2022",",",10.43744708
"D400",",",5.000000,",","Algonquin",",","2023",",",10.53294679
"D400",",",5.000000,",","Algonquin",",","2024",",",10.57955618
"D400",",",5.000000,",","Algonquin",",","2025",",",10.55943646
"D400",",",5.000000,",","Algonquin",",","2026",",",10.57543503
"D400",",",5.000000,",","Algonquin",",","2027",",",10.78915586
"D400",",",5.000000,",","Algonquin",",","2028",",",11.23192332
"D400",",",5.000000,",","Algonquin",",","2029",",",10.97847263
"D400",",",5.000000,",","Algonquin",",","2030",",",9.87439056
"DU10",",",1.100000,",","TroutLake",",","2020",",",7.30255785
"DU10",",",1.100000,",","TroutLake",",","2021",",",7.55237466
"DU10",",",1.100000,",","TroutLake",",","2022",",",7.49551541
"DU10",",",1.100000,",","TroutLake",",","2023",",",7.20921105
"DU10",",",1.100000,",","TroutLake",",","2024",",",7.28144592
"DU10",",",1.100000,",","TroutLake",",","2025",",",7.74872241
"DU10",",",1.100000,",","TroutLake",",","2026",",",7.10796539
"DU10",",",1.100000,",","TroutLake",",","2027",",",7.74404937
"DU10",",",1.100000,",","TroutLake",",","2028",",",6.88331715
"DU10",",",1.100000,",","TroutLake",",","2029",",",7.40005145
"DU10",",",1.100000,",","TroutLake",",","2030",",",7.31161396
"DU10",",",1.100000,",","Abitibi",",","2020",",",12.36826909
"DU10",",",1.100000,",","Abitibi",",","2021",",",12.88524594
"DU10",",",1.100000,",","Abitibi",",","2022",",",11.93300099
"DU10",",",1.100000,",","Abitibi",",","2023",",",11.83782680
"DU10",",",1.100000,",","Abitibi",",","2024",",",11.24811753
"DU10",",",1.100000,",","Abitibi",",","2025",",",12.01982490
"DU10",",",1.100000,",","Abitibi",",","2026",",",12.35939518
"DU10",",",1.100000,",","Abitibi",",","2027",",",12.00376667
"DU10",",",1.100000,",","Abitibi",",","2028",",",12.19469230
"DU10",",",1.100000,",","Abitibi",",","2029",",",11.27900391
"DU10",",",1.100000,",","Abitibi",",","2030",",",12.27545045
"DU10",",",1.100000,",","Algoma",",","2020",",",10.10777310
"DU10",",",1.100000,",","Algoma",",","2021",",",11.71596133
"DU10",",",1.100000,",","Algoma",",","2022",",",9.99443750
"DU10",",",1.100000,",","Algoma",",","2023",",",10.28377111
"DU10",",",1.100000,",","Algoma",",","2024",",",9.68678815
"DU10",",",1.100000,",","Algoma",",","2025",",",10.37657690
"DU10",",",1.100000,",","Algoma",",","2026",",",9.66827593
"DU10",",",1.100000,",","Algoma",",","2027",",",9.95725206
"DU10",",",1.100000,",","Algoma",",","2028",",",10.88243448
"DU10",",",1.100000,",","Algoma",",","2029",",",11.02080141
"DU10",",",1.100000,",","Algoma",",","2030",",",10.04624721
"DU10",",",1.100000,",","Kenora",",","2020",",",5.07125676
"DU10",",",1.100000,",","Kenora",",","2021",",",5.34361662
"DU10",",",1.100000,",","Kenora",",","2022",",",5.82290737
"DU10",",",1.100000,",","Kenora",",","2023",",",5.40186849
"DU10",",",1.100000,",","Kenora",",","2024",",",5.36309066
"DU10",",",1.100000,",","Kenora",",","2025",",",5.51749743
"DU10",",",1.100000,",","Kenora",",","2026",",",5.07883333
"DU10",",",1.100000,",","Kenora",",","2027",",",5.54106452
"DU10",",",1.100000,",","Kenora",",","2028",",",5.43859875
"DU10",",",1.100000,",","Kenora",",","2029",",",5.62834087
"DU10",",",1.100000,",","Kenora",",","2030",",",5.47896092
"DU10",",",1.100000,",","Nipissing",",","2020",",",15.58846578
"DU10",",",1.100000,",","Nipissing",",","2021",",",14.43722677
"DU10",",",1.100000,",","Nipissing",",","2022",",",13.52849202
"DU10",",",1.100000,",","Nipissing",",","2023",",",15.51058455
"DU10",",",1.100000,",","Nipissing",",","2024",",",13.94825848
"DU10",",",1.100000,",","Nipissing",",","2025",",",16.22810851
"DU10",",",1.100000,",","Nipissing",",","2026",",",13.99868052
"DU10",",",1.100000,",","Nipissing",",","2027",",",14.01168074
"DU10",",",1.100000,",","Nipissing",",","2028",",",14.36447461
"DU10",",",1.100000,",","Nipissing",",","2029",",",14.64520181
"DU10",",",1.100000,",","Nipissing",",","2030",",",14.87610658
"DU10",",",1.100000,",","Algonquin",",","2020",",",9.15602730
"DU10",",",1.100000,",","Algonquin",",","2021",",",9.04887541
"DU10",",",1.100000,",","Algonquin",",","2022",",",8.69994280
"DU10",",",1.100000,",","Algonquin",",","2023",",",8.93885472
"DU10",",",1.100000,",","Algonquin",",","2024",",",8.82485525
"DU10",",",1.100000,",","Algonquin",",","2025",",",8.89221468
"DU10",",",1.100000,",","Algonquin",",","2026",",",8.87714010
"DU10",",",1.100000,",","Algonquin",",","2027",",",9.18204917
"DU10",",",1.100000,",","Algonquin",",","2028",",",9.48105982
"DU10",",",1.100000,",","Algonquin",",","2029",",",9.15273480
"DU10",",",1.100000,",","Algonquin",",","2030",",",8.16151815
